<?xml version="1.0" encoding="UTF-8"?>
<beans:beans
	xmlns="http://www.springframework.org/schema/mvc"
	xmlns:xsi="http://www.w3.org/2001/XMLSchema-instance"
	xmlns:beans="http://www.springframework.org/schema/beans"
	xmlns:context="http://www.springframework.org/schema/context"
	xsi:schemaLocation="http://www.springframework.org/schema/mvc https://www.springframework.org/schema/mvc/spring-mvc.xsd
		http://www.springframework.org/schema/beans https://www.springframework.org/schema/beans/spring-beans.xsd
		http://www.springframework.org/schema/context https://www.springframework.org/schema/context/spring-context.xsd">

	<!-- DispatcherServlet Context: defines this servlet's request-processing 
		infrastructure -->

	<!-- Enables the Spring MVC @Controller programming model -->
	<annotation-driven />

	<!-- Handles HTTP GET requests for /resources/** by efficiently serving 
		up static resources in the ${webappRoot}/resources directory -->
	<!-- url이 /resources/로 시작하면 webapp/resources폴더에서 찾아서 가져옴 -->
	<resources mapping="/resources/**" location="/resources/" />
	<resources mapping="/download/**"
		location="file:///D:/uploadfiles/" />
	<resources location="/css/" mapping="/css/**" />
	<!-- Resolves views selected for rendering by @Controllers to .jsp resources 
		in the /WEB-INF/views directory -->
	<!-- 컨트롤러에서 리턴한 값에 prefix와 sufix를 추가하여 만들어진 결과를 이용하여 view(화면)을 선택함 -->
	<beans:bean
		class="org.springframework.web.servlet.view.InternalResourceViewResolver">
		<beans:property name="prefix" value="/WEB-INF/views/" />
		<beans:property name="suffix" value=".jsp" />
	</beans:bean>

	<!-- 타일즈 설정. 타일즈 뷰 리졸버를 등록 -->
	<beans:bean id="tilesViewResolver"
		class="org.springframework.web.servlet.view.UrlBasedViewResolver">
		<beans:property name="viewClass"
			value="org.springframework.web.servlet.view.tiles3.TilesView" />
		<beans:property name="order" value="1" /><!-- 순서를 우선으로 지정 -->
	</beans:bean>
	<!-- 타이블 설정 파일을 등록 -->
	<beans:bean id="tilesConfigurer"
		class="org.springframework.web.servlet.view.tiles3.TilesConfigurer">
		<beans:property name="definitions">
			<beans:list>
				<beans:value>/WEB-INF/spring/tiles-def.xml</beans:value>
			</beans:list>
		</beans:property>
	</beans:bean>
	
	<beans:bean id="loginInterceptor" class="kr.kh.spring.interceptor.LoginInterceptor" />
	<beans:bean id="autoLoginInterceptor" class="kr.kh.spring.interceptor.AutoLoginInterceptor" />
	
	<interceptors>
		<interceptor>
			<mapping path="/member/login"/>
			<beans:ref bean="loginInterceptor"/>
		</interceptor>
		<interceptor>
			<mapping path="/**"/>
			<beans:ref bean="autoLoginInterceptor"/>
		</interceptor>
	</interceptors>
	
	<context:component-scan
		base-package="kr.kh.spring.*" />
	<beans:bean id="uploadPath" class="java.lang.String">
		<beans:constructor-arg value="D://uploadfiles" />
	</beans:bean>
	<!-- 이미지 업로드 전용 경로 -->
	<beans:bean id="uploadImgPath" class="java.lang.String">
		<beans:constructor-arg value="D://img" />
	</beans:bean>
	<!-- 로그인 -->
	
	<beans:bean id="multipartResolver"
		class="org.springframework.web.multipart.commons.CommonsMultipartResolver">
		<beans:property name="maxUploadSize" value="10485760" />
	</beans:bean>
</beans:beans>







