<?xml version="1.0" encoding="UTF-8" ?>
<!DOCTYPE mapper
  PUBLIC "-//mybatis.org//DTD Mapper 3.0//EN"
  "http://mybatis.org/dtd/mybatis-3-mapper.dtd">
<mapper namespace="kr.kh.spring.dao.BoardDAO">
	<insert id="insertBoard" useGeneratedKeys="true" keyProperty="board.bo_num">
		insert into board(bo_num,bo_name,bo_price)
		value(#{board.bo_num},#{board.bo_name},#{board.bo_price})
	</insert>
	<insert id="insertFile">
		insert file(fi_name, fi_ori_name, fi_bo_num) 
		values(#{file.fi_name},#{file.fi_ori_name},#{file.fi_bo_num})
	</insert>
	<select id="selectFileList" resultType="kr.kh.spring.vo.FileVO">
		select * from file where fi_bo_num = #{bo_num}
	</select>
	<select id="selectBoardList" resultType="kr.kh.spring.vo.BoardVO">
		select * from board
		order by bo_num desc
		limit #{cri.pageStart}, #{cri.perPageNum}
	</select>
	<select id="selectBoardCount" resultType="int">
		select count(*) from board
	</select>
</mapper>