<?xml version="1.0" encoding="UTF-8" ?>
<!DOCTYPE mapper
  PUBLIC "-//mybatis.org//DTD Mapper 3.0//EN"
  "http://mybatis.org/dtd/mybatis-3-mapper.dtd">
<mapper namespace="kr.kh.spring.dao.MemberDAO">
	<select id="selectMember" resultType="kr.kh.spring.vo.MemberVO">
		select * from member where me_id = #{me_id}
	</select>
	<insert id="insertMember">
		insert into member(me_id, me_pw, me_email, me_name, me_addr, me_addr_detail, me_point)
		values(#{m.me_id},#{m.me_pw},#{m.me_email},#{m.me_name},#{m.me_addr},#{m.me_addr_detail},#{m.me_point})
	</insert>
	<update id="updateMemberSession">
		update 
			member 
		set 
			me_session_id = #{user.me_session_id}, me_session_limit = #{user.me_session_limit}
		where
			me_id = #{user.me_id}
	</update>
	<select id="selectMemberBySession" resultType="kr.kh.spring.vo.MemberVO">
		select * from member 
		where
			me_session_id = #{session_id} and  me_session_limit >= now() 
	</select>
</mapper>
